Patient_ID,Initial_Value,Final_Value,Days_Between,Rate_Per_Day
400999,15.1,15.3,6.536782407407407,0.03059609262400464
359799,11.4,11.4,1.0194675925925927,0.0
473187,9.2,9.2,0.6134027777777777,0.0
339369,14.7,12.7,13.969652777777778,-0.1431674810974185
429509,9.1,9.1,0.7787847222222222,0.0
448456,9.4,9.4,0.7726620370370371,0.0
451005,6.7,6.5,0.7702314814814815,-0.25966219871371066
