,Normal,Prediabetes,Diabetes,Severe Hyperglycemia
Normal,0.5277777777777778,0.22916666666666666,0.1875,0.05555555555555555
Prediabetes,0.3983050847457627,0.3220338983050847,0.23728813559322035,0.0423728813559322
Diabetes,0.2064343163538874,0.24932975871313673,0.4584450402144772,0.08579088471849866
Severe Hyperglycemia,0.07710843373493977,0.13132530120481928,0.43253012048192774,0.35903614457831323
