,Normal,Mild Elevation,Moderate Elevation,Severe Elevation
Normal,0.9473684210526315,0.043859649122807015,0.006578947368421052,0.0021929824561403508
Mild Elevation,0.3431372549019608,0.6078431372549019,0.049019607843137254,0.0
Moderate Elevation,0.038461538461538464,0.36538461538461536,0.5192307692307693,0.07692307692307693
Severe Elevation,0.0,0.08333333333333333,0.20833333333333334,0.7083333333333334
