City,PM2.5,PM10,SO2,NO2,CO,O3,Temp,Humidity,WindSpeed,Pressure
City_A,0.014640653446391249,0.02811502132336258,-0.03868003132817614,0.10650058131765099,0.03953773940592993,0.09808957970162303,0.028560580982203737,-0.08608480012235815,0.05526859963551773,0.0017217341182434887
City_B,0.0029904519911757663,-0.05445523516338939,0.07030843687319954,-0.05659165668548732,-0.02988232862604506,-0.02843992405823092,-0.07625245270307995,0.1254022737406273,0.01421743662782356,-0.006827350232383062
City_C,-0.0193489633937058,0.024362301233451886,-0.028806079307713277,-0.060685975825382474,-0.01346162494361834,-0.08009525251126251,0.046141985368406316,-0.03235434857682485,-0.07603522636764645,0.005061130293993013
