,钾,钠,氯,钙,磷,镁,肌酐,尿素,尿酸,糖化血红蛋白,葡萄糖,葡萄糖(餐后2小时),游离甲状腺素,总三碘甲状腺原氨酸,低密度脂蛋白,甲状旁腺激素,总胆固醇,甘油三酯,住院天数,Dept_内分泌代谢科,Dept_惠宾病房,Dept_日间病房
0,3.924327485380117,142.36729180327868,105.47357377049181,2.316965210954848,1.1744581497797357,0.8161321585903083,70.31302752293578,6.3865225390984355,340.63046999999995,8.848108108108109,9.846625344352617,13.250114358322746,15.935597014925373,1.630375,2.9492139303482587,3.071067615658363,4.6569811320754715,,7.162109837551806,100.0,0.0,0.0
2,3.9243648208469053,142.37317523056655,105.48300395256918,2.3298671586715867,1.1782142857142857,0.815977312390925,66.8767331433998,5.854799235181645,331.4065811088296,8.835048678720444,9.58834612700628,13.167776397515528,16.04653284671533,1.660781440781441,2.965603190428714,3.113369763205829,4.6899999999999995,,7.399721216774523,100.0,0.0,0.0
1,3.9802428393524285,141.97852179406192,105.08420720151611,2.33512928022362,1.237683615819209,0.8218093699515348,67.27766051011433,5.844700704225352,339.0592613636364,8.734823848238483,9.878764478764479,13.473681710213777,16.478653637350707,1.6981697905181918,3.0159818181818183,3.1783774834437084,4.669228675136116,,6.4845656598501815,90.07153696076307,8.280945154996749,1.647517884240191
